<?xml version="1.0" encoding="UTF-8"?>
<buildprofiles>
    <variables>
        <web-root>http://www.jetbrains.com/idea/</web-root>
        <web-community-path>Developer Community:http://www.jetbrains.net/devnet/community/idea/kb</web-community-path>
        <download-page/>
        <search-scope/>
        <fallback-url/>
        <help-app-version>3</help-app-version>
        <config-feedbackRequireEmail>false</config-feedbackRequireEmail>
        <config-showDownloadButton>true</config-showDownloadButton>
        <config-disqus-id>jetbrains</config-disqus-id>
        <config-disqus-show>false</config-disqus-show>
        <config-feedback-url>https://data.services.jetbrains.com/feedback</config-feedback-url>
        <config-feedback-enabled>true</config-feedback-enabled>
        <config-feedback-widget>true</config-feedback-widget>
        <config-webmaster>webmaster@jetbrains.com</config-webmaster>
        <config-feedback-support>https://www.jetbrains.com/support/</config-feedback-support>
        <config-sideblocks>true</config-sideblocks>
        <config-productid>help/idea-sdk</config-productid>
        <config-search-scopes-provider>https://data.services.jetbrains.com/search/</config-search-scopes-provider>

    </variables>
    
    <build-profile product="ktor"/>
 
</buildprofiles>
