{"entities":{"pages":{"ca0b":{"id":"ca0b","title":"Documentation","level":0,"pages":["ca0d"],"anchors":[],"tabIndex":0},"ca0d":{"id":"ca0d","title":"Ktor on the Server","level":1,"parentId":"ca0b","pages":["developing_applications"],"anchors":[],"tabIndex":0},"developing_applications":{"id":"developing_applications","title":"Developing Applications","disqus_id":"","url":"developing_applications.html","level":2,"parentId":"ca0d","pages":["ca33"],"anchors":[],"tabIndex":0},"ca33":{"id":"ca33","title":"Features","level":3,"parentId":"developing_applications","pages":["autoheadresponse"],"anchors":[],"tabIndex":0},"autoheadresponse":{"id":"autoheadresponse","title":"Auto Head Response","disqus_id":"","url":"autoheadresponse.html","level":4,"parentId":"ca33","anchors":[],"tabIndex":0}},"anchors":{}},"topLevelIds":["ca0b"]}