<configuration>
    <!-- Stack Driver Appender -->
    <!-- See Config here: https://cloud.google.com/logging/docs/setup/java#wzxhzdk57wzxhzdk58logback_appender_for_product_name -->
    <appender name="CLOUD" class="com.google.cloud.logging.logback.LoggingAppender">
        <!-- Optional : filter logs at or above a level -->
        <filter class="ch.qos.logback.classic.filter.ThresholdFilter">
            <level>INFO</level>
        </filter>
        <log>application.log</log> <!-- Optional : default java.log -->
        <flushLevel>WARN</flushLevel> <!-- Optional : default ERROR -->
    </appender>
    <appender name="STDOUT" class="ch.qos.logback.core.ConsoleAppender">
        <encoder>
            <pattern>%d{YYYY-MM-dd HH:mm:ss.SSS} [%thread] %-5level %logger{36} - %msg%n</pattern>
        </encoder>
    </appender>

    <root level="trace">
        <!-- Add Console output for local dev -->
        <appender-ref ref="STDOUT"/>
        <!-- Add Cloud Appender to root output-->
        <appender-ref ref="CLOUD" />
    </root>

</configuration>
